Id,weighted,stacking,final
1,11.974530892717185,11.893284,11.933907368355662
2,12.035095947335206,11.986581,12.010838398014528
3,11.791038229066928,11.80761,11.799323893586198
4,11.920404594499779,11.903392,11.911898216286755
5,11.87914672631511,11.88958,11.884363249632164
6,12.330376891603681,12.398281,12.364328994507895
7,12.183000720757033,12.127411,12.155205804714454
8,11.934693307641192,11.941737,11.938215241314492
9,12.043146010430574,12.04484,12.043992934719682
10,12.044331761803623,12.142856,12.093593703014848
11,12.004800408157223,11.97631,11.990555092231688
12,12.141396693020546,12.186659,12.164027776136738
13,11.892238367029725,11.990921,11.94157969376877
14,11.989804444682374,11.981471,11.985637753194458
15,11.794953216047915,11.857326,11.826139384970979
16,12.214867077098312,12.127325,12.171096067540855
17,12.108618096471906,12.086552,12.097584881365837
18,12.071939119929363,12.092433,12.082186047849202
19,12.279013571997432,12.260618,12.26981589091815
20,12.601716464725873,12.659061,12.63038894830532
21,12.185160582519279,12.124713,12.154936763275021
22,12.136939682214729,12.119452,12.128196079358098
23,12.198940953346119,12.175812,12.187376360462121
24,12.489599537778961,12.479395,12.484497225249344
25,12.27851182261868,12.51735,12.39793100972853
26,12.029090749934232,12.087865,12.058477812863845
27,12.13687151191088,12.10061,12.118740645634395
28,12.602564566450807,12.766772,12.684668418326723
29,12.610910773233654,12.673006,12.641958415486457
30,12.6152542475927,12.507382,12.561318320238001
31,11.992744107519176,11.966689,11.979716608660711
32,12.629409601514125,12.614906,12.622157956274641
33,12.969213996860706,13.009296,12.989255207048517
34,12.168560362107463,12.095541,12.132050681236837
35,12.420694497044312,12.477723,12.44920880934369
36,12.151958918036783,12.140957,12.146457898349446
37,12.138834131272201,12.12281,12.130822247520866
38,12.981683007613558,12.968133,12.974907990165422
39,12.501553901242067,12.498544,12.500048820280458
40,12.221472154223267,12.225347,12.223409359734925
41,12.103856316325466,12.038902,12.071379299520155
42,12.088437847625052,11.991238,12.039837744002956
43,11.96630626379739,11.904713,11.935509470399673
44,12.138915113598934,12.10656,12.122737433508451
45,12.407948003858483,12.45819,12.433068984076458
46,12.693154052479368,12.578195,12.635674335352233
47,11.782308990661386,11.827457,11.80488320931995
48,11.936938697164447,11.957645,11.947292056712106
49,12.028636538673396,11.969901,11.99926881178665
50,12.139717340065946,12.121215,12.130466103352065
51,12.929498574421093,13.03013,12.979814480386816
52,12.319256618274643,12.355876,12.337566293603874
53,11.567821043084969,11.635211,11.601516016995365
54,12.029945729390478,12.084385,12.057165323801684
55,12.129411784941134,12.105197,12.117304368880479
56,12.20960752385745,12.164179,12.186893186062026
57,12.252780846383205,12.264265,12.258522953404004
58,12.512927983008028,12.495648,12.504288183551132
59,12.18397582745462,12.127973,12.15597421514943
60,12.206227590253706,12.333692,12.269959593619284
61,12.035734220274598,12.045805,12.040769598845795
62,11.664214220974406,11.774987,11.719600720869284
63,12.848768312903777,12.845698,12.847233334766099
64,11.997644404840859,11.981423,11.98953389141579
65,12.285371575891299,12.230833,12.258102314740082
66,12.014973353021018,12.0068,12.010886525448498
67,12.725600099309874,12.749976,12.737788128725981
68,11.972129463426267,11.975895,11.974012195702391
69,12.075797607997865,12.048349,12.062073494245514
70,12.192921769681513,12.15856,12.175740784437924
71,12.848640165714198,12.831837,12.840238433076825
72,12.25475219279764,12.229275,12.24201347127675
73,12.476732507280037,12.431777,12.454254753853641
74,12.532134970116712,12.661159,12.596646765911627
75,12.406791768895154,12.396674,12.40173296254206
76,11.900255929918437,12.05758,11.978917962060049
77,11.736668275495601,11.771249,11.753958546469725
78,12.33105857263897,12.308221,12.319639717990627
79,11.938088373107334,11.912562,11.925325371703813
80,12.035449058965044,11.939037,11.987243190981545
81,12.64673890701475,12.636588,12.641663501816701
82,12.348654522597982,12.4020815,12.375368006080485
83,12.31519635152725,12.418392,12.366794266461866
84,12.058792090496283,11.869644,11.964218127767673
85,12.21553359363291,12.209109,12.21232144998418
86,11.55826671585337,11.500094,11.529180564805348
87,12.309628866283555,12.359564,12.334596346899101
88,11.74189658834779,11.719514,11.730705240737617
89,11.819506252876888,11.832201,11.825853628452604
90,11.92859358249926,11.934586,11.931589576894162
91,12.479336764904847,12.499234,12.489285482214386
92,12.120967459860827,12.15597,12.138468539805903
93,12.410356111046646,12.584447,12.497401509045051
94,12.521320241616682,12.59328,12.557300040089347
95,12.315155108117066,12.315366,12.315260449718934
96,12.115833993874809,12.090607,12.103220341663967
97,12.434339882032358,12.398644,12.416492164679509
98,12.64408814086997,12.538864,12.591476138306078
99,12.287834489224684,12.295549,12.29169194096244
100,12.580976101037937,12.566216,12.573596284924486
101,11.9998389535353,12.080532,12.040185513754954
102,12.172018875420367,12.179436,12.175727302700418
103,11.87041367868267,11.885512,11.877963015336208
104,12.025446980936717,12.010115,12.017780825368261
105,12.373501688111592,12.301854,12.337677910858774
106,12.162996644583348,12.138833,12.15091484527141
107,12.433574719089563,12.316356,12.374965212175397
108,11.77697365196095,11.873142,11.825057947196296
109,11.869839071892931,11.889954,11.879896342587092
110,12.343480882415836,12.413258,12.378369240646395
111,12.874939358530783,12.906572,12.890755850224863
112,13.05122192502737,13.064751,13.057986298207044
113,12.284663533145052,12.168427,12.22654550024562
114,12.416474899277585,12.446013,12.431244174950072
115,12.103469226803087,12.110772,12.10712067983831
116,11.670642802018344,11.688344,11.679493401894181
117,12.056662627004082,12.053055,12.054858718287196
118,12.486493579495002,12.3787,12.43259691792133
119,11.431233717248482,11.227256,11.329244769238255
120,12.488908409670309,12.566077,12.527492821015574
121,12.451189525488154,12.139518,12.295353654803403
122,11.534498073619464,11.545075,11.539786745092202
123,12.248653590237302,12.249625,12.249139398115478
124,11.669599942907492,11.551606,11.610603060595592
125,11.833582587914783,11.8408575,11.837220046856562
126,12.967918460099337,13.015104,12.99151137696129
127,11.759693980842812,11.843658,11.801676214054218
128,12.349334191773623,12.3896,12.369466995941742
129,12.346903360525612,12.325412,12.336157578547718
130,12.371159974140191,12.373751,12.37245533039285
131,11.981527655528282,12.000421,11.990974112950909
132,11.805028987397067,11.807474,11.806251561874802
133,12.7250298533089,12.664297,12.694663478595368
134,12.26970581050859,12.268753,12.269229431133201
135,12.015711338476638,12.018192,12.016951814868202
136,12.100017723780244,12.036467,12.068242161145493
137,11.529186055068154,11.68871,11.608948133887836
138,12.056343997886001,12.044319,12.050331575359017
139,12.12678993975505,12.105492,12.116140788969322
140,11.97113879674493,12.032073,12.001605908839995
141,12.403644953486616,12.459043,12.431343751309958
142,11.48833295724759,11.536915,11.512623891343521
143,13.129165343752431,13.034764,13.081964816804195
144,11.767920018834154,11.6860695,11.726994753679772
145,12.185818881428023,12.171307,12.178562745767723
146,12.356829591038101,12.439662,12.398245785356696
147,11.500485326523474,11.496753,11.498619032738056
148,12.481842135013064,12.577239,12.529540585786561
149,12.525112647935963,12.558008,12.541560420952845
150,12.240321085015243,12.219691,12.230006180782768
151,11.866915580232675,11.85268,11.859797893265752
152,12.126069693253344,12.09186,12.108964755379112
153,12.536336064712904,12.586544,12.56144005078907
154,11.820634047155533,11.828931,11.824782450976448
155,12.892050667066684,12.870274,12.881162128577287
156,12.018826267594838,12.0344,12.026613126930965
157,12.699491296569134,12.632144,12.665817635436667
158,12.607406895388337,12.655757,12.631581922883377
159,12.62722520043128,12.702451,12.66483797634479
160,12.360956301937186,12.433331,12.397143418912929
161,11.648255683302388,11.492312,11.570284057318919
162,12.736733512521063,12.640938,12.688835658848422
163,11.674094873549725,11.601423,11.637759068549766
164,12.605324322796806,12.622261,12.613792685080043
165,12.027683519066333,12.066557,12.047120224804162
166,11.516422278530662,11.342007,11.429214480940136
167,12.311419870359417,12.31397,12.312694741240499
168,11.880375451275416,11.925121,11.902748379324231
169,12.004308117830789,11.877204,11.940756029588002
170,12.21221163689679,12.232763,12.222487463651031
171,11.625457724419265,11.579214,11.6023359102443
172,13.04823160789065,13.115135,13.081683400380872
173,12.443134225033841,12.564813,12.503973442625563
174,11.967855828834049,12.002126,11.984990784442658
175,12.552606985054629,12.598035,12.575320921879122
176,12.591880089414161,12.598437,12.595158699339649
177,11.937353900935356,11.948695,11.943024541867825
178,12.386835313610545,12.412401,12.399618256475684
179,11.710391079703065,11.623704,11.667047518153534
180,12.189318656421607,12.195804,12.192561149347277
181,12.796245020255355,12.823938,12.810091695003166
182,12.615818904547067,12.609587,12.612702810122656
183,12.378406747914749,12.385339,12.381872765589454
184,11.906499173793854,11.884811,11.89565528758052
185,12.005799059526295,11.945954,11.975876691170619
186,12.118476600064202,12.183744,12.151110515303097
187,12.216390487504672,12.449459,12.332924781716203
188,12.64579094577994,12.604188,12.624989455586503
189,12.17018010235056,12.204169,12.187174687863513
190,12.578554100595134,12.535801,12.557177517216513
191,12.104353801751627,11.99353,12.048942037594564
192,11.654949593371851,11.639931,11.647440159234755
193,11.910844333215913,11.996847,11.953845742962937
194,11.695723164366642,11.62274,11.659231478118379
195,12.553749151686642,12.514614,12.534181628455626
196,11.818163378132311,11.866878,11.84252046698974
197,12.470910780163027,12.461015,12.465962763891328
198,11.750481549966317,11.787082,11.76878163420557
199,13.139923356178096,13.20357,13.171746861041928
200,12.197041283279134,12.222949,12.209995155647135
201,12.091105904894253,12.046666,12.06888602510948
202,12.102522129245376,12.078463,12.090492364976692
203,11.435052479076997,11.433843,11.43444756903679
204,12.87335876301031,12.983721,12.928539771214627
205,12.817800859534888,12.819896,12.81884830192931
206,13.029931566054591,13.071102,13.050516854194289
207,12.13582095537311,12.053356,12.094588563013703
208,12.510097984358707,12.564849,12.537473442100008
209,11.63158124498594,11.648807,11.640193908473194
210,12.573143743962648,12.552757,12.56295050357312
211,12.123622842504512,12.102673,12.113147709704403
212,12.692758996752449,12.721946,12.707352379693363
213,11.878098171093274,11.952831,11.91546471970191
214,11.700146984350953,11.648754,11.674450552111999
215,11.854766438975455,11.847829,11.851297652013361
216,11.914745937599449,11.85386,11.884302919513836
217,11.827664025815087,11.854963,11.841313664213697
218,11.849133735878173,11.863562,11.856347683063598
219,12.497140657070107,12.515065,12.506102925123187
220,11.981261528741234,11.8920355,11.9366485065276
221,12.792035254525413,12.792514,12.792274550938243
222,12.07754342647797,12.014637,12.046090209943086
223,12.257107284814548,12.302516,12.279811634198046
224,12.139487120437472,12.164487,12.151987002754137
225,12.55660326315613,12.501752,12.529177581437684
226,12.90855170198655,12.969774,12.939162974101185
227,12.759739078193652,12.87572,12.81772955115127
228,13.247490877342354,13.335106,13.291298386669224
229,12.26492388573511,12.284837,12.274880327419556
230,12.003312329407514,11.966486,11.984899153290183
231,12.09381845401548,12.012133,12.0529755493344
232,12.3300649412435,12.313305,12.321684921183273
233,12.264170424964345,12.2291975,12.246683963550288
234,12.00731047325724,11.918984,11.963147443202107
235,11.790315830720445,11.809288,11.799801927811394
236,12.223507429576271,12.302007,12.262757075536427
237,12.22496935256293,12.22678,12.225874645153535
238,12.714846003222581,12.628635,12.671740704858362
239,12.3617709830947,12.389596,12.37568348425365
240,11.930373572951867,11.939779,11.935076427284038
241,11.916712052859982,11.995843,11.956277493257383
242,12.115569292715502,12.192137,12.153853028620935
243,12.463238089680292,12.480977,12.472107574045468
244,12.665049944376822,12.775376,12.720213132131038
245,13.019083891192237,13.091637,13.055360274453541
246,11.890110670838617,11.902336,11.896223395722043
247,12.268580846958326,12.026776,12.147678580370032
248,12.149221322914869,12.157349,12.153284977863684
249,12.253686984789143,12.566826,12.41025642574418
250,12.847308921110837,12.940883,12.894095801955565
251,12.83673349864784,12.835994,12.836363632716253
252,12.289913864692135,12.230613,12.260263309756956
253,13.0993284807311,13.104393,13.101860743051096
254,12.064588108978988,12.094937,12.079762716751457
255,12.140419178808763,12.140885,12.140652265948571
256,12.385327140388846,12.464732,12.425029655246913
257,11.863829519431873,11.948745,11.90628714664831
258,12.561408124245185,12.583675,12.572541754383334
259,12.393869788102833,12.422964,12.408416942086085
260,12.253159885303633,12.210282,12.23172110552413
261,11.996593416346727,11.847895,11.922244042462914
262,12.310807431585259,12.315531,12.3131691042814
263,11.83188554863488,11.866797,11.849341497919735
264,12.445950911654018,12.473892,12.45992156178404
265,12.150483423841923,12.228167,12.189325002021059
266,12.078015465534195,12.07094,12.074477741617194
267,12.573197604367534,12.63761,12.605404019926688
268,12.15542616605281,12.145684,12.150555204150672
269,11.890867974618587,11.860195,11.875531567265348
270,11.859978834356095,11.81838,11.839179595095528
271,13.014547399985059,12.969679,12.99211313938462
272,11.74071703183039,11.685131,11.71292405241422
273,11.452385839964764,11.378082,11.415234057677694
274,12.423773919404892,12.492792,12.458283024460748
275,12.064447252323891,12.023861,12.044154091860188
276,11.801437294185899,11.844139,11.822788196653496
277,11.886577372522611,11.905733,11.896155240521558
278,12.637609555564122,12.567458,12.60253385416756
279,11.567484303952147,11.5585985,11.563041411161866
280,12.235680314899428,12.196551,12.216115818918219
281,11.811082930080563,11.858499,11.834790751691893
282,11.817334122872916,11.803639,11.810486767399592
283,12.497707527343819,12.497414,12.497560581298863
284,12.442798129181448,12.435542,12.439170117904933
285,12.208036739558395,12.182258,12.195147195920555
286,12.113794701113775,12.233068,12.17343158365015
287,12.692990975544562,12.637739,12.665365078531558
288,12.06382807219593,11.987258,12.025543014827214
289,11.704252029689759,11.466682,11.585467231885895
290,12.240812207778875,12.223195,12.232003641883821
291,11.981998397451411,11.993023,11.987510658076292
292,12.041469226003054,12.048375,12.04492217785138
293,11.835274777358933,11.80298,11.819127600166283
294,11.84148633567099,11.845464,11.843475044208786
295,13.061987615903695,13.07382,13.06790386501972
296,11.927213965219128,11.93622,11.931717067143255
297,12.223958711064526,12.115423,12.169690956789587
298,12.319373756493071,12.3218975,12.32063563160347
299,11.97196452789568,12.004418,11.988191450501795
300,12.010010858932601,12.014284,12.012147496421868
301,12.248204845470372,12.212665,12.230434724828692
302,12.20376398874323,12.4227,12.31323195851346
303,12.731839869805444,12.950403,12.84112154165321
304,12.279009283198077,12.269959,12.274484366483073
305,12.010889585784533,11.957977,11.984433440353204
306,11.918909875102656,11.927308,11.923108978841611
307,12.227503489299703,12.219997,12.223750447652781
308,12.124613321802943,12.072436,12.09852482725279
309,12.014381299324254,11.857214,11.93579763666164
310,12.035078025647254,12.026438,12.030757892523333
311,11.641938269345426,11.667857,11.654897719725202
312,12.109290501332978,12.130497,12.119893740046372
313,12.43089887156669,12.403983,12.417440993858296
314,12.158662801797194,11.924182,12.04142236998429
315,12.19423960271404,12.233394,12.21381663592123
316,12.762615142246203,12.711842,12.737228362749079
317,11.778724230789159,11.8879795,11.833351869117724
318,11.833749855978013,11.856243,11.844996494761467
319,12.184685406580243,12.401025,12.292855112500327
320,12.589683626092231,12.590856,12.59026961227097
321,11.567601928274465,11.5323925,11.549997215052759
322,12.10075985257888,12.120944,12.110851937855603
323,12.029105777822217,12.041113,12.035109338801245
324,12.381809773858778,12.424927,12.403368265835638
325,11.617773156399632,11.507884,11.562828590986681
326,12.371847051430034,12.347487,12.359667250538015
327,12.637333262156178,12.725012,12.68117254385885
328,11.957608697431072,11.926294,11.941951512106648
329,12.207948367726614,12.193943,12.200945695704128
330,12.705043472568976,12.663569,12.684306461473696
331,12.053613596803059,12.045909,12.04976126236027
332,12.398813540911862,12.325967,12.362390187966916
333,11.994530430581818,11.98277,11.988650198353653
334,12.027175150064664,12.019201,12.023188214375594
335,12.698270207511461,12.5671,12.632684889369745
336,11.778565862834714,11.830659,11.804612387746703
337,11.981576652120665,12.018464,12.000020370280303
338,11.841439771933782,11.733927,11.787683272502536
339,12.395216254056326,12.409139,12.40217746678036
340,12.783091647016397,12.805837,12.794464162283834
341,12.443076976041697,12.4020195,12.422548238387058
342,12.041258593650817,12.132511,12.086884866283416
343,12.351202182991404,12.392022,12.37161215793247
344,11.97484563289797,11.993351,11.984098307781993
345,11.95826490164811,11.768548,11.863406456713948
346,11.699765242246103,11.676345,11.688055056883549
347,11.920243021529329,11.985653,11.952947972556657
348,12.500381083552897,12.427022,12.46370153191927
349,12.183815833106316,12.211867,12.197841582782406
350,12.06511742786566,12.044211,12.054664407749968
351,11.757050869149879,11.778302,11.767676530918934
352,12.525032344846885,12.49116,12.508096368804058
353,12.61772883135513,12.659186,12.638457597287672
354,12.820798678637491,12.885702,12.853250405908101
355,12.302604648490094,12.228756,12.265680299708915
356,11.970619041758306,11.991034,11.980826297917726
357,13.104828788002278,13.068175,13.086502051929607
358,12.932933204526748,13.00591,12.969421562132759
359,12.24648533067317,12.347009,12.296747017906165
360,12.247571911770265,12.265881,12.256726248243531
361,12.680938519113651,12.884187,12.782562631901797
362,12.820410369791881,12.720566,12.770488082845159
363,11.990534401581325,12.037375,12.013954925857801
364,12.813307907331724,12.801155,12.807231498831879
365,11.693929559969447,11.69928,11.696604672562849
366,11.964077622093702,12.080776,12.022426918346657
367,12.025857782915127,12.1642065,12.095032143868451
368,11.566898251855147,11.532517,11.549707842510825
369,12.275579281426301,12.237607,12.256593141842302
370,11.866363517633847,11.859177,11.862770076688017
371,12.267888998675621,12.235787,12.25183819516911
372,11.952256601038869,11.955728,11.95399208912417
373,11.905159218780586,11.898515,11.901836983200107
374,11.716829421576456,11.667531,11.692180217532613
375,11.812983295086008,11.893682,11.853332410635044
376,11.999488717545603,12.051424,12.02545637201743
377,13.098631642712517,13.125425,13.112028490728818
378,12.079291375116142,12.070139,12.074715153195278
379,12.07218924804831,12.117011,12.094600159149888
380,12.311566820641314,12.275698,12.293632264385598
381,11.820337423354983,11.848386,11.834361617103518
382,12.073243030662592,12.026348,12.049795572338132
383,12.041872474245277,12.050207,12.0460398061534
384,12.563763773109947,12.61481,12.589286881519573
385,12.154784144845966,12.196976,12.175879926426889
386,12.00177592527707,12.0422535,12.022014709769882
387,12.444959829695465,12.414099,12.429529284659743
388,11.582291718195783,11.492839,11.537565288876944
389,12.051165092376669,12.042732,12.046948665573101
390,12.071199404999083,12.069023,12.070111268661652
391,12.17952287160639,12.169035,12.174278914746065
392,12.244668354509928,12.242694,12.243681127785969
393,12.056353817880815,12.123822,12.090088015050027
394,12.902163572506893,13.021279,12.961721453764433
395,12.379715195232937,12.356503,12.36810886409596
396,12.905253214297037,12.826195,12.865723988740315
397,12.046817638058467,12.017708,12.03226273138275
398,12.177103696120287,12.20925,12.193177073127282
399,12.327819973369246,12.326025,12.326922491262259
400,11.879833733073736,11.856655,11.868244426961674
401,12.101374836797602,12.139177,12.12027607959265
402,12.581393453182729,12.600268,12.590830908567682
403,12.885608976796943,12.863449,12.874529036738316
404,12.07869178600762,12.139663,12.109177264311183
405,12.054958386853333,12.105552,12.08025505325943
406,11.934529762472557,11.935341,11.934935321910107
407,12.526204661983014,12.514741,12.520472802945854
408,12.583173486105778,12.588969,12.586071358378817
409,12.36079797490814,12.336301,12.348549412411344
410,12.299444904057744,12.362073,12.330758924349428
411,12.604212470321784,12.608985,12.606598708763187
412,11.950131096256248,12.020225,11.985177833742139
413,13.112580511039436,13.151312,13.131946192714542
414,11.728945897015343,11.6349535,11.681949697927838
415,12.251123373907186,12.216225,12.23367402215867
416,12.005993878467681,11.994509,12.000251310876907
417,12.835475736656361,12.784744,12.810109999675838
418,11.969871780436165,11.986135,11.978003154774967
419,12.344720917024016,12.416873,12.380796947617233
420,11.940350072448442,11.953575,11.946962603362893
421,11.698932359536576,11.680171,11.689551686207498
422,12.297834959184636,12.308023,12.302929205971711
423,12.131336068247435,12.062655,12.096995758580505
424,12.59578147615156,12.74599,12.670885637825535
425,12.29024516622628,12.161417,12.225831086836283
426,11.970535982554589,11.904919,11.937727326604442
427,12.342123568374467,12.330903,12.33651331082908
428,11.949086982868916,11.993055,11.971071163248423
429,12.618520683574928,12.780875,12.69969794478429
430,12.150221854545011,12.087999,12.11911059920854
431,12.007751411152602,12.051938,12.029844734049203
432,12.516093030332012,12.547797,12.531945116697988
433,12.369735159592931,12.523764,12.446749408104571
434,12.57299565952031,12.619545,12.596270321215233
435,12.025436074655063,12.010254,12.01784499045253
436,12.289773108252659,12.346137,12.317955077533313
437,11.959259623453335,11.999369,11.979314145527937
438,12.048341128102997,12.0988,12.073570416804184
439,11.655711034116358,11.637822,11.64676659265022
440,12.139775112221056,12.085606,12.112690366779473
441,11.599886097200708,11.565665,11.58277567112843
442,11.704597353757922,11.614849,11.659723222167047
443,12.36493296285687,12.395076,12.380004380445769
444,11.902711919068052,11.814863,11.858787562012054
445,11.396859017669795,11.506494,11.451676293045104
446,11.947530528154994,11.944518,11.946024308724713
447,12.154230536327042,12.131297,12.142763823919136
448,12.300801663514719,12.280846,12.290823652802281
449,11.937052717166752,11.996369,11.966711039522096
450,12.49093303275915,12.491342,12.49113731182025
451,12.223612410584542,12.210227,12.21691971160941
452,12.206036162049308,12.235423,12.22072962506152
453,11.969583140757774,11.997987,11.98378496713792
454,12.072923518260858,12.084179,12.078551221410702
455,12.732126622400168,12.720749,12.726437761883677
456,12.191936788808722,12.119204,12.155570178156802
457,12.154652975643828,12.122602,12.138627719206191
458,12.399032384545704,12.396187,12.397609606579493
459,12.392534301099342,12.194964,12.293749354986927
460,12.789669240055698,12.7852,12.787434679537126
461,11.912690060467531,11.893607,11.903148600027468
462,12.789834433433226,12.760604,12.775219169078674
463,12.321708084912656,12.298547,12.310127437994659
464,11.810811390443455,11.865569,11.838190252564257
465,12.466180822869319,12.498359,12.482269774685392
466,12.108935301257613,12.183719,12.146326991296531
467,11.93734366610235,11.89205,11.91469672776553
468,11.747114181672755,11.635124,11.691119194107863
469,12.74459373581719,12.764544,12.754568634571193
470,12.20927734208697,12.197355,12.203316306236356
471,12.791791792851187,12.703424,12.747608123293269
472,12.203250333024064,12.184664,12.193957052803537
473,12.174861935244147,12.160276,12.167569174104006
474,12.433866695934539,12.450746,12.442306139257553
475,12.573792881064751,12.517921,12.545857164409329
476,12.161536499657817,12.077545,12.119540832836721
477,12.758274283056778,12.751337,12.75480566722419
478,12.10769021714086,12.086894,12.097292126240108
479,12.032010581940613,12.059044,12.045527233108977
480,13.048586905924449,13.090466,13.069526225789373
481,12.587125720016164,12.603233,12.595179528709254
482,11.975384349307383,11.891714,11.93354922268836
483,11.969323235497814,11.85126,11.910291710369757
484,11.940118098739838,11.997359,11.968738687278854
485,12.936366473745734,12.984481,12.960423665797428
486,12.223835956559517,12.309305,12.266570573799779
487,11.970355708463874,11.949296,11.959825853041751
488,12.304982496653466,12.292011,12.298496878819897
489,11.992649882705038,12.004015,11.998332425788554
490,12.409070252511437,12.451913,12.430491566227643
491,11.773157988831242,11.695848,11.734503226898532
492,11.84979474002253,11.898731,11.874262985855992
493,11.902738528935519,11.937704,11.920221307619615
494,11.942766276169252,11.946645,11.944705529594636
495,12.626025264306001,12.502763,12.564394029400315
496,11.3861920908557,11.355104,11.370648268633417
497,12.066863558205025,12.064569,12.065716515735813
498,12.358927570946847,12.420288,12.389607828442173
499,12.213897104669861,12.164382,12.189139542782929
500,12.424972079677278,12.406951,12.415961515149919
501,12.171975524095192,12.080926,12.126450732781239
502,12.722720832054488,12.787225,12.754972800823387
503,12.539358622190058,12.538552,12.53895545321539
504,11.915607890161382,11.84676,11.88118384315198
505,12.098313003076477,12.036963,12.067638232953033
506,12.547743187506931,12.565664,12.556703739444384
507,12.123135600739483,12.025779,12.074457185593129
508,12.041794461050982,12.049439,12.0456169456439
509,12.901955539765432,13.011528,12.956741777451075
510,12.120949227526436,12.20226,12.161604622460729
511,12.362236261473813,12.303695,12.332965493255216
512,12.249945045375794,12.238931,12.244437873792634
513,11.886678397123413,11.856937,11.871807902785338
514,11.959752653492856,12.010139,11.984946059412444
515,12.008293789341929,12.040937,12.02461560652399
516,12.844056506149192,12.851857,12.847956845756482
517,12.153611533179914,12.207854,12.180732902057485
518,11.802627678653502,11.920451,11.861539421449553
519,12.005159104070595,12.047412,12.026285511355365
520,11.921081049688166,12.017691,11.96938585412875
521,11.835532124628056,11.879333,11.857432333523745
522,12.143509889301793,12.094123,12.118816387979754
523,12.034129227426813,12.091558,12.062843841923856
524,11.943792272021003,11.899021,11.921406710351322
525,12.794855243129259,12.721196,12.75802570887542
526,11.896154760304759,11.898551,11.897352873774206
527,12.45950554834473,12.450027,12.454766507082521
528,11.91489361498664,11.573334,11.744113677610507
529,11.43154418422305,11.019277,11.225410401590285
530,11.775357294213073,11.724102,11.749729657238372
531,12.425520938582373,12.446831,12.436175844047046
532,11.999679641148262,12.046126,12.022903003404942
533,12.049664346646585,12.047862,12.048763199782034
534,12.104591744692753,12.322457,12.213524529115176
535,12.232623463426043,12.1733265,12.202974977867807
536,12.401664843506769,12.426971,12.414318139526822
537,11.4360430734517,11.351506,11.393774653333516
538,12.342310626893827,12.3322,12.337255338623915
539,12.097589072675547,12.106557,12.102072982535283
540,12.24155985745073,11.952144,12.096851763289575
541,11.664635304152975,11.763769,11.714202226966623
542,11.55752107609218,11.52916,11.543340310995308
543,12.086526428368279,12.072974,12.079750316692685
544,12.271410910793774,12.287506,12.2794585071547
545,12.732604021147905,12.658895,12.69574928001365
546,12.40269632096732,12.3948145,12.398755406119648
547,12.367209193338057,12.444694,12.405951379353354
548,11.83153235958812,11.839254,11.83539336943029
549,11.923137102732346,11.941816,11.932476716344201
550,13.186158128698892,13.253312,13.219735119799886
551,12.437791278221843,12.454196,12.445993627239584
552,12.362211308553475,12.309161,12.335686247385869
553,12.79662897382205,12.746981,12.771804820468155
554,12.06042407372504,11.912118,11.986271015896943
555,12.14305257396234,12.105698,12.124375102899139
556,12.366650404113145,12.344003,12.355326563903496
557,12.048712730256929,12.155108,12.101910591050096
558,11.904279123052179,11.902591,11.903434937350063
559,12.861971222473752,12.80305,12.832510631836241
560,11.943530310494499,11.946934,11.945232028416195
561,11.798851726927701,11.901944,11.850397943694563
562,12.548733948964406,12.5171385,12.53293621505227
563,12.190803722637183,12.099487,12.145145513662342
564,12.03900855703902,12.065512,12.052260130265115
565,11.587085699001467,11.678397,11.632741438825684
566,11.9752100031965,11.961031,11.968120481639755
567,12.417859573752626,12.331391,12.374625454143159
568,11.457570285450057,11.413984,11.435777292078056
569,12.62307296948126,12.623715,12.62339418508853
570,12.01884516915101,12.118755,12.068800254863591
571,12.752488898445781,12.7390175,12.745753192509024
572,11.928608429234862,11.9694605,11.949034458300293
573,12.086229298233675,12.10121,12.093719469368303
574,12.565976572780002,12.577079,12.571527696027452
575,12.87051864507642,12.874281,12.872399787320925
576,12.097150979009488,12.103719,12.100434868319441
577,12.41905751451677,12.467059,12.44305832497689
578,11.873778826867863,11.953444,11.913611177044771
579,12.547668357620823,12.57639,12.56202931201964
580,12.142061000742878,12.120986,12.131523492772562
581,11.74233213960678,11.713247,11.727789719400558
582,12.368384209261182,12.480895,12.424639625840307
583,12.573041374275073,12.579491,12.576266017948083
584,12.067238245995306,12.042234,12.054736333385836
585,12.08927066496264,12.0998335,12.094552076713498
586,12.583177698543604,12.635534,12.609355992521314
587,12.529264738340284,12.4611,12.495182181487037
588,11.744085398767702,11.790184,11.767134709881898
589,11.91964292782336,11.857838,11.888740302412657
590,11.84750130144517,11.862,11.854750883419118
591,12.127098231905677,12.176824,12.151960923966755
592,12.635952173143991,12.749045,12.692498772576634
593,12.467260290866097,12.49001,12.47863527620087
594,12.077952185908043,12.186033,12.131992717404705
595,11.603333270503082,11.51785,11.560591596341629
596,12.081882952513451,11.897798,11.989840268523572
597,11.910086561868395,11.859794,11.88494011244665
598,12.046343959094767,12.067897,12.057120401025655
599,12.031590555240157,12.132407,12.081998871827842
600,11.868007139125115,11.855418,11.861712672193173
601,11.929720854288583,12.015608,11.972664344075444
602,12.264286366354636,12.277916,12.27110116047224
603,12.47120141242992,12.464396,12.467798944587763
604,12.155615045176534,12.175548,12.165581322484506
605,11.912945392784838,11.916705,11.9148252621578
606,12.578232626088528,12.56878,12.573506285731032
607,12.292968374032347,12.246874,12.269921114811584
608,12.676588497826522,12.675231,12.675909738872978
609,12.15669262550253,12.147377,12.152034819831343
610,12.34027535368683,12.365114,12.35269478286148
611,12.334692605224317,12.314748,12.324720207794044
612,12.219130402197163,12.414121,12.316625538165232
613,12.199823516681182,12.248154,12.22398860160231
614,12.573459370766564,12.571033,12.572245947437725
615,12.301073826719886,12.426396,12.363735098326984
616,11.941973677066024,11.954936,11.94845485229644
617,12.701223598210895,12.83046,12.765841596468729
618,12.072411802053802,12.030375,12.05139316451567
619,12.330468507667364,12.320296,12.325382397601992
620,12.829092634995083,12.817459,12.823275870720199
621,11.957665742992864,11.943424,11.95054498392319
622,12.107863596070036,12.113278,12.110570992523543
623,11.898976251233018,11.906064,11.902520142370658
624,11.85140000153994,11.707935,11.779667667395946
625,12.512127956944717,12.500574,12.506351034441597
626,12.048401422119943,12.034389,12.041394982147619
627,12.251457125881297,12.233743,12.242599919904759
628,12.045666324838411,11.954953,12.000309759251481
629,12.825133544204567,12.8496065,12.83737002909081
630,12.272324642068625,12.214673,12.243498842182994
631,12.213451671542266,12.20897,12.21121087071376
632,12.28384075787184,12.314692,12.29926615072547
633,11.941853812598602,11.91126,11.926556731891342
634,12.376390628304176,12.434642,12.405516233188953
635,12.35573837206057,12.33959,12.347664222346204
636,12.190482711492589,12.254828,12.222655582278277
637,12.808444108499424,12.830984,12.819714112050004
638,12.358742381231226,12.378216,12.368479085513073
639,11.819243686445096,11.871934,11.845588811758926
640,12.36203328153428,12.239896,12.300964551075978
641,11.901890617519866,11.943213,11.922552040174729
642,12.020223110054383,12.117228,12.068725332187835
643,12.47929210689103,12.414505,12.446898555886921
644,11.966963069051594,12.045943,12.006453164622233
645,12.350121456338695,12.48962,12.419870832539464
646,12.311308081914401,12.291858,12.301582900667894
647,11.757151815156636,11.776309,11.766730414261668
648,12.315671899790708,12.328696,12.322184075353118
649,11.960686368349595,11.992064,11.97637542218139
650,11.657759320527187,11.710959,11.684359377518232
651,12.361314829934983,12.408173,12.384743718678429
652,12.784382507945654,12.820748,12.802565418554126
653,11.930502980473545,11.888019,11.909260794283403
654,12.423572841875961,12.573918,12.498745592233146
655,12.25250444779972,12.233968,12.243236114433307
656,12.302652964379625,12.323778,12.313215558422723
657,12.05920670712364,11.986393,12.022799840988577
658,12.278898636818731,12.221083,12.24999066209833
659,12.316534400293294,12.441513,12.379023730908365
660,12.856808810542887,12.916341,12.88657481924239
661,12.041129346113214,12.115624,12.078376886954313
662,12.21006487114143,12.235766,12.222915640984533
663,12.24999571498356,12.199816,12.224905732552816
664,12.263306414993114,12.19236,12.22783316965476
665,12.314411316832535,12.288604,12.301507549743171
666,12.474839077169843,12.49754,12.486189775553916
667,11.91825607301464,11.879977,11.899116649635982
668,12.501284092640772,12.60424,12.552762255060621
669,12.072311778483634,12.060106,12.066209027974727
670,12.388117367288302,12.407975,12.39804628206334
671,11.696087188945594,11.770058,11.733072433584125
672,12.058165343631504,12.3573475,12.207756416017412
673,11.718071241077215,11.766562,11.742316851465121
674,12.10271346576047,12.11778,12.110246598755479
675,12.030303858075111,11.999785,12.01504464067696
676,12.573165658384706,12.655619,12.614392162993623
677,12.909061741156595,12.947828,12.928445017001637
678,12.379714042618339,12.660165,12.519939437843593
679,11.982551382927536,11.854497,11.918524169399559
680,12.446117322159125,12.388711,12.417414148903049
681,12.835976879109138,12.775938,12.805957456583378
682,12.493277001753086,12.619091,12.556184017844316
683,11.980323252922537,12.08993,12.035126416805507
684,12.28310697232589,12.295735,12.289421165758892
685,12.520222723132209,12.551598,12.535910159173525
686,11.937498652767284,11.988747,11.963122647916844
687,12.371768681534581,12.376659,12.374214037422565
688,11.771220416770834,11.789375,11.780297860973308
689,12.612429152716043,12.657049,12.634739165896596
690,12.588026852597862,12.657158,12.622592375273541
691,12.092007916438405,11.768156,11.930081984037074
692,12.361511880610552,12.37175,12.366630879270119
693,12.42832431892294,12.3556,12.391962337989302
694,11.883664151498229,11.896755,11.890209685002045
695,12.662015536107187,12.699282,12.680648614306035
696,12.034656365765365,11.9782505,12.006453434652702
697,12.475964258593887,12.465514,12.47073922081916
698,12.895300910513308,12.623822,12.759561561366272
699,12.011606572800886,11.999927,12.005766569939262
700,12.515888830139215,12.622069,12.568979094482449
701,11.903588657539382,11.946627,11.925107660373694
702,12.09298636230081,12.148647,12.12081683532521
703,12.26698313156607,12.334697,12.300839950640214
704,12.44882193955816,12.362248,12.405535180136745
705,12.186032747769122,12.127162,12.156597363722208
706,12.183759858063468,12.201155,12.192457283462886
707,12.045580157898707,12.052808,12.049193982910534
708,12.787796220644768,12.729718,12.758757214478878
709,12.15600958444989,12.174955,12.165482476245941
710,11.92222571255379,11.979624,11.950924753554727
711,12.211952665701036,12.201518,12.206735362238945
712,12.535895025453675,12.568227,12.552060919861848
713,12.408254007633602,12.485284,12.446768929628568
714,11.925308073487614,11.840489,11.88289873049991
715,12.153481479660899,12.194696,12.17408895302625
716,12.05804816966745,12.150052,12.104050120142563
717,12.307485327398732,12.252601,12.280042998629785
718,12.043115134293846,11.90433,11.97372269394746
719,12.685795763840527,12.618493,12.652144421989844
720,12.332121153838347,12.306507,12.319314132217025
721,11.792702933052706,11.883458,11.838080535282456
722,12.00454174808369,11.993469,11.99900549318247
723,12.376279801808195,12.386939,12.381609425287643
724,12.027039474997839,12.043015,12.035027000682513
725,11.971703595031713,11.877513,11.924608263427722
726,12.10664177091796,12.138586,12.122613907614742
727,12.002458045822562,12.042923,12.022690509727688
728,11.893104533760647,11.909326,11.90121506671553
729,12.762498428900683,12.75931,12.760904098788721
730,11.958645945132771,11.986085,11.972365441591045
731,12.355042685928641,12.334565,12.344803924293666
732,11.636204510740237,11.575495,11.605849638487793
733,12.37578367587611,12.349168,12.362475749833807
734,12.398863077528445,12.397203,12.398033261481508
735,12.028716753593871,12.007854,12.018285607631896
736,12.068126846417771,12.106385,12.087256038717918
737,11.618731822645536,11.758522,11.688626928168471
738,12.693271568353115,12.674802,12.684036697415083
739,12.27883266446731,12.2181635,12.24849807738136
740,12.069390088312414,12.055036,12.062212839718951
741,12.454132112388518,12.506213,12.480172650279952
742,12.509434210775202,12.60355,12.556492084025297
743,12.180816474298465,12.246361,12.21358862655353
744,12.222048674613701,12.220402,12.22122521926486
745,12.515867080432013,12.566256,12.54106132494501
746,12.876496647170983,12.812104,12.844300436164836
747,12.043164703696768,12.018187,12.030675636455317
748,12.253957137701088,12.224591,12.239274196444537
749,12.199401579405354,12.1309395,12.165170531523966
750,11.909848892950276,11.8760805,11.892964702975382
751,12.144515475522413,11.917656,12.031085710173315
752,11.992054084552962,11.978716,11.985384990579703
753,12.254595852990022,12.243506,12.249051142284806
754,12.053392879121946,12.098082,12.07573723393353
755,12.11083095621273,12.098653,12.104741897936687
756,11.916846408854916,11.866634,11.8917403888757
757,12.475021262513948,12.388878,12.431949565583146
758,12.339545335665148,12.329562,12.334553761429987
759,12.296378044532677,12.295078,12.295728161060284
760,12.30291285485418,12.298153,12.300532889219081
761,12.285742051164426,12.22271,12.254225853463073
762,12.30598459263053,12.309619,12.307801771260333
763,12.322175843255085,12.327736,12.324955872066996
764,11.871111242371631,11.875791,11.873450919189967
765,12.365958137974623,12.327837,12.346897564165534
766,11.6331293737045,11.275559,11.454344399529251
767,12.088557569592002,12.131024,12.10979096512437
768,12.549370920536425,12.498465,12.523917752443506
769,11.988233301362293,11.978473,11.983353005509027
770,12.013222834540873,12.034976,12.024099420047536
771,11.7608406533944,11.799276,11.780058502661555
772,12.579213478226418,12.594997,12.587105442116139
773,11.981707492530537,12.031165,12.00643630775819
774,11.991876590212698,12.003928,11.997902387360988
775,12.230935949576498,12.278349,12.254642436152995
776,12.156952647559892,12.195943,12.176447763141518
777,11.938324595243527,11.948196,11.94326050318817
778,11.710630072154915,11.55215,11.631389922399478
779,12.779874997424354,12.774264,12.77706966652834
780,12.198677889562443,12.2211,12.209888871539034
781,12.539106348613757,12.571644,12.55537508897973
782,11.975635934572729,11.98655,11.981093132844226
783,12.198737486425516,12.202108,12.200422934802113
784,12.0379472320674,12.050661,12.044304159551768
785,11.920002187067706,11.934006,11.927003962186197
786,11.487264107375289,11.2620945,11.374679302527976
787,12.260017977582146,12.222734,12.241376214438045
788,11.964782404239823,12.037314,12.001048409608925
789,11.778079320568626,11.814859,11.796469355413707
790,11.87839106521794,11.89213,11.885260481644615
791,12.043039616022257,12.059531,12.051285413937642
792,12.127016821651326,12.098885,12.112950702085428
793,11.72449630367303,11.698969,11.711732595501065
794,11.790267550619236,11.876558,11.83341292722612
795,11.883863963337209,11.946015,11.9149396606542
796,12.18662344336877,12.348829,12.267726356388975
797,12.231483419461648,12.340022,12.285752753279407
798,12.928917070916649,12.95611,12.9425135357635
799,12.677992789359678,12.669515,12.673753722713286
800,12.711090544056901,12.283017,12.497053851282601
801,11.898160066254063,11.952076,11.925118012253009
802,12.33880258573027,12.322512,12.330657129351952
803,12.25440882173615,12.2489,12.251654617624666
804,12.501724413037522,12.496116,12.4989200487734
805,11.767278970277488,11.869252,11.818265587586254
806,12.072659115238192,12.025343,12.049001028261186
807,12.538437620010203,12.65253,12.595483668250951
808,11.881862497727479,11.833107,11.857484746178192
809,12.017634882749359,12.008669,12.013151891142746
810,11.98102529737082,11.963518,11.972271720035508
811,12.009473752820254,11.98264,11.996057009619356
812,12.446405911065346,12.442091,12.444248449612264
813,11.864969254492618,11.861512,11.863240719317842
814,12.197822191559188,12.246744,12.22228317372149
815,11.909307370267834,11.941457,11.925382082503301
816,12.07211581901506,12.014603,12.043359240073936
817,12.285933329294194,12.303855,12.294894135807986
818,12.440735720846046,12.351733,12.396234464274341
819,11.996223930656086,12.015695,12.005959274440592
820,12.155804568223822,12.090823,12.123313870873385
821,12.00781807029045,12.0168495,12.012333794056357
822,12.271029612135047,12.212561,12.241795132910784
823,12.085477927585714,12.049738,12.067607928941783
824,12.353674861721053,12.303354,12.328514562513359
825,11.896889121220857,11.872494,11.884691432558672
826,11.526626372738875,11.47811,11.502368343077201
827,12.537654675935869,12.520899,12.529276747452798
828,11.660613728888837,11.712418,11.68651566571395
829,12.107433601971886,12.048634,12.078033588705669
830,12.000707216297833,12.029529,12.01511791707836
831,12.59113516706139,12.766601,12.678867887943536
832,11.90110579845073,11.913408,11.907257038934837
833,11.670381194319596,11.654801,11.662591281516487
834,11.94106009411704,11.937599,11.939329638122974
835,12.166862218402164,12.192531,12.179696425210604
836,12.247384958962076,12.21058,12.228982415546712
837,12.40427832514657,12.331802,12.368040346655317
838,12.280027115081374,12.251441,12.265734058486732
839,12.083863116544642,12.065424,12.074643540999372
840,11.736147216151705,11.950102,11.84312453428435
841,12.029152914723795,12.014895,12.022024176935872
842,11.569944621484796,11.513964,11.541954160412807
843,12.140376650163688,12.124116,12.13224629703619
844,11.962546265569241,12.0149355,11.98874087951924
845,11.995891050325536,12.057187,12.026539065354418
846,13.06911390309105,13.112839,13.090976324104119
847,12.399766622029915,12.49714,12.448453276377506
848,12.38021760381962,12.4099655,12.39509155947817
849,11.903871051139054,11.855795,11.879832978877634
850,11.836842765830777,11.728411,11.782626743327986
851,12.168008219471943,12.062127,12.115067666407114
852,12.108669416951704,12.020652,12.064660617136742
853,12.459102639119562,12.413549,12.436326031168669
854,11.443847048560034,11.145721,11.294784242053455
855,12.046318296095983,12.014679,12.030498625587054
856,12.075017565838698,11.973709,12.024363336142006
857,11.953247369688441,11.985995,11.969621331176008
858,12.261487750072883,12.21232,12.236904038915835
859,12.748247582860028,12.7636,12.755923966143149
860,12.465276274166762,12.440254,12.452765242796271
861,12.396718399273317,12.439412,12.418065258138856
862,12.580712312048695,12.568691,12.574701782855403
863,11.681716357190188,11.693308,11.687512116888552
864,12.649281727038328,12.622246,12.635763757806274
865,12.272796240224329,12.169799,12.221297545618757
866,11.746699608781888,11.922573,11.834636349190749
867,12.305158092869265,12.25569,12.280423856920471
868,12.319692616607592,12.212459,12.266075613571129
869,12.259344130496856,12.041043,12.150193706026016
870,11.987438904198697,11.967031,11.977234714703108
871,12.122072429102367,12.185011,12.153541669568273
872,12.02691967715322,12.004122,12.015520728774364
873,12.53095218632301,12.566988,12.548970088828009
874,11.813816294982304,11.749067,11.781441800750429
875,13.099333928856296,13.14436,13.121846758739672
876,11.977415246030514,11.993816,11.985615810881468
877,12.072128503991626,12.034911,12.053519829846156
878,11.912996980371283,11.943511,11.928253994793796
879,12.079246764051723,12.029326,12.054286601477767
880,11.995241077536633,11.944996,11.970118478831793
881,12.203045403260163,12.237652,12.220348614105667
882,12.093720529953252,12.048289,12.071004914482241
883,11.881277036001023,11.858919,11.87009808983889
884,12.356834466511952,12.318295,12.337564495829218
885,12.299586936225685,12.363213,12.331399760837453
886,12.19672656793452,12.116033,12.156379584168675
887,13.12445283563255,13.298921,13.21168673352062
888,11.677913419144971,11.684705,11.681309099861792
889,11.941117387382516,11.6654,11.803258469387059
890,12.418138632875053,12.480951,12.449544971039577
891,12.497790806146785,12.490708,12.49424957864102
892,12.081247883254264,12.031815,12.056531229224788
893,11.93193575003554,11.914069,11.923002462877879
894,12.327975732098889,12.2759495,12.301962605124151
895,12.277892093695666,12.238304,12.25809811593963
896,11.99032866319295,12.005672,11.998000559013466
897,12.082801962489533,12.077153,12.079977584180558
898,12.413652862275692,12.329521,12.371587020737454
899,11.44594631709479,11.312541,11.379243662545198
900,11.953122874632982,11.975631,11.964376817412926
901,12.192738574352687,12.253475,12.223106881780836
902,11.825388677944929,11.869453,11.847421054060355
903,12.600063664758494,12.610664,12.605364016217138
904,12.03043087136749,12.062389,12.046410122573393
905,12.014067874048783,12.02415,12.01910888438157
906,12.66750158927897,12.638524,12.653012822379964
907,12.360764613193616,12.474425,12.417594964525275
908,11.882478419837938,11.884707,11.883592935352318
909,12.184889000030868,12.016105,12.10049684910601
910,12.78965624686671,12.75019,12.769923014027837
911,12.216627889298675,12.207922,12.212274935555099
912,12.213888728755762,12.204755,12.20932177908125
913,12.242315365174816,12.213352,12.22783378427198
914,12.114637007459997,12.086527,12.100581939093768
915,11.60527709825816,11.837363,11.721320170680594
916,12.778752368239346,12.69175,12.735250970496626
917,11.860024253008906,11.687841,11.77393283420709
918,12.334934892983531,12.042444,12.188689561054755
919,12.973104121926207,13.015859,12.994481386066862
920,12.321755454515284,12.307688,12.314721606957349
921,12.37469328507876,12.375183,12.374938195273755
922,11.919558526783819,11.899063,11.90931081856769
923,12.396152717765936,12.365967,12.381059757320468
924,12.12637099222315,12.102188,12.114279551287357
925,12.433306123309602,12.414496,12.423901272561784
926,12.12451698154287,12.104581,12.114548930377147
927,12.255794702111867,12.307191,12.281492798596217
928,12.46950795876602,12.471731,12.470619572339553
929,12.46669734340089,12.43626,12.45147878339478
930,12.416212782175485,12.349738,12.3829754516041
931,12.003168353874974,11.962308,11.982738141933826
932,12.010528511958828,12.030919,12.020723793485518
933,11.89941384525309,11.949084,11.924249063587238
934,12.485840649148665,12.478467,12.482153818379263
935,11.998406188813158,12.017879,12.008142360611412
936,11.74084623551218,11.6486225,11.694734374164781
937,12.820549894051325,12.786422,12.803485834934598
938,11.344043401707617,11.2928505,11.31844694804619
939,12.798612575956188,12.784273,12.791442861769598
940,11.874699873460523,11.877369,11.876034400231237
941,11.992919355172921,12.0490885,12.02100391663065
942,11.999627020204558,12.0096855,12.00465626828099
943,12.071549649226384,12.035092,12.053321001523592
944,12.141830467381055,12.122362,12.132096302110938
945,11.90822090742499,11.891764,11.89999229727939
946,12.08291516662199,12.102128,12.09252159774581
947,12.389927785004616,12.461673,12.425800283951283
948,12.13705001365034,11.980876,12.058962991291722
949,11.884755841754234,11.97587,11.930312987100262
950,12.208465033105501,11.908533,12.058499064709489
951,12.23128805243185,12.346782,12.289034891541853
952,12.361898824271284,12.208168,12.285033427028221
953,11.944452656077111,11.987323,11.965887731694561
954,12.009474881069437,12.006248,12.007861677595265
955,11.985221769684054,11.950401,11.967811537918198
956,12.0382587491011,12.051705,12.044982054756849
957,12.485071421350783,12.470729,12.477900147778662
958,12.132635931503236,12.124797,12.128716399436922
959,11.517190615119883,11.905792,11.711491425724004
960,12.554306565820688,12.591577,12.5729415710268
961,12.07941035644409,12.031358,12.055384060820922
962,12.22646856609635,12.241564,12.23401618154671
963,12.319592999891205,12.336007,12.327800059058152
964,12.336801549385653,12.510447,12.423624048923784
965,12.434145840400435,12.418965,12.426555590030539
966,11.851879410640127,11.884295,11.86808743710107
967,11.88999745684196,11.936491,11.913244234707602
968,12.193303534045427,12.226224,12.209763739831551
969,12.560629379160972,12.61185,12.586239582006023
970,12.52309393370789,12.508827,12.515960571590274
971,12.134967232419866,12.173785,12.154376221037815
972,12.070280511897963,12.178072,12.124176243802985
973,11.756127678312275,11.731348,11.743737858016
974,11.995972298072193,12.00638,12.001176189624475
975,11.952187026441681,11.833725,11.89295600101381
976,12.534510911678716,12.566902,12.550706536161623
977,11.89320859227518,11.818715,11.8559618438976
978,12.649825235146997,12.629395,12.6396098831985
979,12.480533699328973,12.561158,12.520845939782895
980,12.3321749892,12.314616,12.323395596254052
981,12.765662603424127,12.771839,12.768750872634914
982,12.152465990732981,12.096809,12.124637688970006
983,11.91836287062809,11.877883,11.898122914043293
984,12.952557569452589,12.934898,12.943727972958715
985,12.082361192380313,12.187412,12.134886727171601
986,11.966306251899455,11.998647,11.982476494022237
987,12.220861664754654,12.204184,12.212522621622933
988,11.890397074688003,11.869268,11.879832746023201
989,12.840571753720843,12.854423,12.847497161497873
990,12.451447885383725,12.417797,12.434622487003386
991,11.958504393447658,11.947252,11.952878333503614
992,12.139171821900181,12.070347,12.104759327087786
993,12.364558542391654,12.41534,12.38994948298782
994,11.905809131656625,11.830466,11.868137701051701
995,12.866870010248727,12.826947,12.846908611233982
996,11.963944743240635,12.02944,11.996692334694048
997,12.44509027770722,12.477981,12.461535445707858
998,11.990478896659862,11.999588,11.995033454677587
999,11.76939583354242,11.709998,11.73969698217038
1000,12.217204450310053,12.226579,12.221891581386716
1001,12.311707289818928,12.274621,12.293164149822793
1002,12.51472456229364,12.507217,12.510970984760101
1003,12.600556749630615,12.759256,12.679906556272826
1004,12.079027935776162,12.057108,12.0680679305956
1005,11.93564804326509,11.986669,11.961158314998023
1006,11.68658948599899,11.612024,11.649306896624983
1007,11.839021936108217,11.828811,11.833916313970857
1008,12.493387876040924,12.463135,12.478261320832962
1009,11.902167787554802,11.891777,11.89697241306451
1010,12.527570621724307,12.52579,12.526680418131441
1011,11.57176822898855,11.52493,11.548349114646863
1012,12.36139595652159,12.404663,12.383029521229545
1013,11.96321549620934,12.011007,11.98711140258465
1014,11.606743585135835,11.549955,11.578349476588913
1015,12.128174763117237,12.043867,12.086020937161646
1016,12.234105202929454,12.22208,12.228092716821173
1017,12.36543524837241,12.397175,12.381305041788744
1018,12.635184593355323,12.681741,12.658462677079273
1019,12.093891722162116,12.015229,12.054560473660404
1020,12.031539148402846,11.985584,12.008561703718025
1021,11.594954093244745,11.573864,11.58440903819952
1022,12.102634780127971,12.128541,12.115587886432394
1023,12.68584367725817,12.69264,12.6892419909118
1024,12.50199485808922,12.52543,12.513712291868096
1025,12.117285915511992,12.13416,12.125722978660537
1026,11.61449216740579,11.5665655,11.590528840508316
1027,12.576449818317462,12.652407,12.614428255411173
1028,12.669120959303847,12.918237,12.793678845893378
1029,12.432637145039907,12.43297,12.432803596018488
1030,12.253309493752049,12.064216,12.158762576923632
1031,12.248206461885097,12.231004,12.2396051115883
1032,12.816958308316197,12.8084545,12.812706410933
1033,12.795832681748617,12.765223,12.780527615593547
1034,12.062239937621468,12.074751,12.068495418945012
1035,11.623269372050736,11.58218,11.602724697622048
1036,11.817479757365959,11.639388,11.72843392088879
1037,12.425726031083776,12.42344,12.4245830053185
1038,12.775966593867677,12.789996,12.78298137051172
1039,12.01680445475359,12.001824,12.009314416860438
1040,11.415784578060187,11.342371,11.379077782499332
1041,12.266296662675398,12.240032,12.25316442936016
1042,12.422799929247713,12.443821,12.433310441308427
1043,11.895478298820173,11.898562,11.897020365077811
1044,11.848728271222711,11.820637,11.834682510245145
1045,12.493723789235869,12.578413,12.536068399439712
1046,11.63285912476584,11.677296,11.655077404790147
1047,12.287898037328116,12.299137,12.293517576403316
1048,12.308426858293622,12.311666,12.310046196633383
1049,12.015283052427451,12.108713,12.061998101225932
1050,12.021107820055962,11.98008,12.000593735467433
1051,11.848821153608382,11.711035,11.779927964194329
1052,12.008718799480896,11.991252,11.99998537248825
1053,11.855199241542547,12.003475,11.929337215375766
1054,11.97165838019793,12.005021,11.988339737736904
1055,11.446584144364522,11.467458,11.457020957832896
1056,11.994110844818229,11.9758005,11.984955679519711
1057,12.367496966508982,12.313019,12.340257882668553
1058,12.106592433327574,12.118479,12.112535604175994
1059,12.581791145790785,12.597697,12.589744201893195
1060,11.955413930369682,12.147663,12.051538523412379
1061,12.722521274482041,12.802634,12.76257775683941
1062,11.993226079460758,12.010771,12.001998438595125
1063,12.97560166072322,13.089856,13.032728904244667
1064,12.08311893359579,12.121581,12.102350005585738
1065,13.008111337350682,13.064244,13.036177803837695
1066,12.102725534761568,12.126825,12.114775433701585
1067,12.296096505566824,12.240747,12.268421978674525
1068,12.226434420244967,12.139941,12.183187817880052
1069,12.089530329307035,11.826542,11.9580361149709
1070,12.511133461220863,12.502322,12.506727829090657
1071,12.017965222868057,11.89183,11.954897833601997
1072,12.440393459675128,12.392084,12.416238790689615
1073,12.69447741184072,12.4765835,12.585530446337842
1074,12.10678355874207,12.07481,12.09079679340912
1075,12.072456871798206,12.057534,12.06499554481634
1076,12.063130817505565,12.04931,12.056220274017676
1077,11.970902599221253,12.055478,12.013190347614778
1078,12.284102043211805,12.29058,12.287340919524603
1079,12.462941557756293,12.542232,12.502586558754857
1080,12.049797994328102,12.079338,12.064568034029286
1081,11.890488818964624,11.851819,11.871153928677868
1082,11.878814790864899,11.87129,11.87505249888704
1083,12.650663973899936,12.731813,12.691238702343036
1084,12.04300983939167,12.060615,12.051812212634069
1085,11.693304240344926,11.667295,11.680299848138771
1086,11.815913425542554,11.798074,11.806993597079138
1087,12.200504208616847,12.163323,12.181913805510817
1088,11.95539781184397,11.926175,11.940786464668323
1089,11.930008354598383,11.874869,11.902438850608519
1090,12.246062816671596,12.268573,12.257317811991804
1091,12.278816160839849,12.228321,12.253568618139651
1092,12.067606536600834,12.069028,12.068317218648318
1093,11.853791428329261,11.799592,11.82669172322835
1094,12.124622495072842,12.132158,12.128390387245894
1095,11.739302860635549,11.779359,11.759330862233057
1096,12.061604274030708,11.86645,11.964027291892062
1097,12.987831123145916,13.162028,13.074929717914511
1098,12.15267458450677,12.189731,12.171202614366422
1099,12.654048963203472,12.642169,12.648108980960867
1100,13.251788831806213,13.251805,13.251797068643585
1101,12.022447622971224,12.032328,12.027387637474382
1102,12.144802670309419,12.210407,12.177604963694748
1103,12.305326669598918,12.252459,12.278892620993307
1104,11.745195272974437,11.707792,11.726493777539464
1105,12.729534306606713,12.74653,12.738031942884655
1106,12.599157190315545,12.569626,12.584391522403866
1107,12.23708585655445,12.228611,12.232848424493046
1108,11.934127482998553,11.890995,11.91256125431666
1109,11.97262008110894,12.091117,12.03186849316067
1110,12.32020309137879,12.319578,12.319890631077579
1111,12.00153828906116,11.960132,11.980834967131898
1112,11.867757200000858,11.9000225,11.883889853357363
1113,12.345406087452538,12.334266,12.339835898187939
1114,11.64414864659199,11.78286,11.713504224419042
1115,12.254834212799986,12.230616,12.242724914322356
1116,12.13667520098442,12.17623,12.156452815793724
1117,11.92775317364675,11.613088,11.77042041388026
1118,11.920004570386693,11.96591,11.942957264136218
1119,11.996443014662276,11.979841,11.98814212348104
1120,12.123350779791483,12.059242,12.09129651416332
1121,12.204658097994033,12.221145,12.212901387101265
1122,11.702188804258972,11.6703205,11.686254657561616
1123,12.696442332445592,12.740957,12.718699796288714
1124,11.823200349857983,11.858043,11.840621533418982
1125,12.039143546468548,12.037522,12.038332931223776
1126,11.859133955306394,11.808411,11.833772299918822
1127,12.379491851825435,12.408385,12.393938564309934
1128,12.380281148177346,12.385272,12.382776587119679
1129,11.59384117367643,11.512778,11.553309727920979
1130,11.996778921124744,11.967071,11.981924750326776
1131,12.201490310755926,12.2296505,12.215570404096225
1132,11.955812256262863,11.767115,11.861463447772545
1133,12.009522456732924,12.060976,12.035249242587653
1134,11.702189122288488,11.651517,11.676853018328082
1135,12.02576061237766,11.908258,11.967009525244006
1136,12.75663816058076,12.766126,12.761381919798437
1137,12.180563917468348,12.153348,12.166955943261762
1138,12.000101230628438,12.028273,12.014186929706309
1139,12.153496883615368,12.107635,12.130565713993963
1140,11.90792858192765,11.931219,11.919573841439899
1141,11.729230163828472,11.796413,11.762821792729666
1142,11.845096232731631,11.857515,11.85130578390732
1143,12.203249743362006,12.227895,12.215572263191014
1144,12.284202334379366,12.406469,12.34533583973607
1145,12.029279404824006,12.061302,12.0452907949413
1146,11.976877387457803,12.004645,11.99076136752651
1147,11.928200208300042,11.897568,11.912883978661739
1148,12.62515155402511,12.584025,12.604588468510357
1149,12.098029220705822,12.106001,12.102015060487188
1150,12.03214411016622,11.995989,12.014066477995708
1151,11.951468610141527,11.959806,11.955637526201134
1152,12.247775246264624,12.326756,12.287265384973132
1153,12.298832511900951,11.918381,12.10860662460282
1154,12.833965698832897,12.867762,12.850863655385687
1155,12.082140948412286,12.079822,12.080981267510587
1156,12.188239777386084,12.114172,12.151205879598804
1157,12.844979989925104,12.827498,12.836239212949613
1158,11.977264303171529,11.974358,11.975810954076
1159,11.984636569350762,12.040955,12.012795579597256
1160,11.712020256334508,11.681508,11.696764160302264
1161,11.343163439877907,11.405536,11.374349568907459
1162,12.281181317187777,12.257849,12.2695150284059
1163,11.348316456048831,11.184105,11.266210687741212
1164,12.324557501998486,12.319567,12.322062114341527
1165,12.050878166590099,12.071535,12.061206638531866
1166,12.294805326340143,12.32794,12.31137265676138
1167,12.058589754545437,12.057207,12.057898431044691
1168,12.511565361573073,12.502599,12.50708206204264
1169,11.905370138673158,11.916659,11.911014746918365
1170,12.861974314318733,12.887777,12.874875821404972
1171,11.882662572135072,11.914227,11.898444552058747
1172,11.735719962469453,11.643558,11.689638755496201
1173,11.977423543099384,11.699324,11.838373598637094
1174,13.172245602672193,13.163075,13.167660524877355
1175,12.129350089006362,12.257048,12.193198871102302
1176,12.025936195661448,12.040369,12.033152614737462
1177,12.369236855229897,12.414702,12.391969635348103
1178,12.247249466234283,12.2128,12.230024746087112
1179,12.062644368393833,12.03744,12.050042334190813
1180,11.99124128132927,11.9780035,11.98462239161068
1181,12.602103248063443,12.571792,12.586947448464095
1182,12.273906330040823,12.146546,12.210226346935695
1183,12.370360021124906,12.289634,12.329996886020217
1184,12.032421619584897,12.066821,12.049621358956266
1185,12.220172160137395,12.214628,12.217400189870943
1186,12.035416986351535,12.014171,12.024793816509508
1187,11.744395767155472,11.833244,11.788820045442971
1188,12.147368163939612,12.219569,12.183468685088702
1189,12.222317366594867,12.221446,12.221881701943673
1190,12.444648826169072,12.438502,12.441575568937807
1191,11.97873634878394,12.008367,11.993551466780886
1192,12.20552497525118,12.130915,12.168219831680766
1193,12.791152925386015,12.804815,12.797984108872207
1194,12.106360187194928,12.065218,12.085789079498344
1195,12.837761827732812,12.934047,12.885904286516553
1196,12.29758094368787,12.383293,12.340437047771669
1197,11.912472526172582,11.923008,11.917740245630236
1198,12.631766135399928,12.671935,12.651850608440931
1199,11.944298489610137,11.925534,11.934916368981094
1200,11.770260483549539,11.694047,11.732153728865834
1201,12.422220101470732,12.4133215,12.417770798263442
1202,11.923364821824965,11.967334,11.94534930773255
1203,12.311921616732484,12.429523,12.37072254237503
1204,12.32777450279248,12.380827,12.35430072643286
1205,12.471458032890103,12.46855,12.47000388064183
1206,11.944425906157242,11.96032,11.952373189437264
1207,11.985943038712497,11.97658,11.981261352425097
1208,12.561764028749316,12.581791,12.57177747641079
1209,12.679995235249564,12.698584,12.689289419077419
1210,12.12488963269544,12.105754,12.115321765658024
1211,11.89293864217076,11.892967,11.892952933145928
1212,12.20031741590061,12.222447,12.211382405612659
1213,11.817787618484292,11.851604,11.834696040077107
1214,11.855788353683005,11.856411,11.856099666953806
1215,11.8147810712377,11.7111025,11.76294177844722
1216,12.710254024055327,12.65569,12.682972108615798
1217,12.035814463499996,12.07453,12.055172055663572
1218,11.907034054455426,11.770595,11.83881432565911
1219,11.682810880514443,11.682985,11.682898093150289
1220,12.123398189676443,12.088715,12.10605639464291
1221,11.881627117299905,11.83649,11.859058397364553
1222,12.23264032044701,12.220331,12.226485756231806
1223,12.452202094429015,12.448088,12.450144893344879
1224,12.815534182761283,12.84077,12.828151975261257
1225,11.355448761944764,11.277629,11.316538830282685
1226,12.216845361625642,12.2389345,12.227889939266191
1228,11.989854099125772,11.944108,11.966981054232075
1229,11.506492160522068,11.557369,11.531930696349901
1230,12.166297419572643,12.087741,12.127019158852484
1231,12.07019857025707,12.153468,12.111833351138056
1232,12.225459285651002,12.218256,12.221857641177552
1233,12.010398390483514,12.171726,12.091062308645078
1234,11.726315730402261,11.758657,11.7424865929233
1235,11.81947562029967,11.840613,11.830044492736505
1236,12.477783692917804,12.464654,12.47121883086442
1237,12.196213895294925,12.205747,12.200980272995363
1238,12.902976205514653,13.090519,12.996747578465335
1239,12.323965744370865,12.298268,12.311117031273568
1240,11.85938895362435,11.86669,11.863039317815593
1241,12.248900332967377,12.226093,12.237496812601853
1242,12.542443625812991,12.62894,12.585691627207034
1243,12.12339490786097,12.098011,12.110702962353336
1244,12.047508476825103,12.0645895,12.056048988626173
1245,12.123274876470923,12.109351,12.116313017306506
1246,12.209034137914923,12.225956,12.217495050524844
1247,12.547232469132146,12.493883,12.520557801033359
1248,12.602483604588244,12.627703,12.61509315880047
1249,11.934239692918847,11.874657,11.90444818508247
1250,12.3092251820434,12.350428,12.329826404803438
1251,11.775955025235737,11.743174,11.759564312239451
1252,12.166819504362138,12.299861,12.233340229323403
1253,12.086438803522746,12.017549,12.051993682309469
1254,12.041917836367043,12.007934,12.024925726502612
1255,12.69340168263031,12.666429,12.679915124304657
1256,12.60667918557204,12.597104,12.601891629071421
1257,12.203502848682753,12.19677,12.20013628151911
1258,12.450979232462124,12.449028,12.450003623799422
1259,12.74746756901862,12.765537,12.756502415490754
1260,11.802775075124531,11.896615,11.849695051752938
1261,11.9083992176419,11.719255,11.813827332514798
1262,13.250710241788159,13.369711,13.310210582014685
1263,12.47347968222436,12.499463,12.48647138179211
1264,11.976208958568611,12.07054,12.023374693365117
1265,11.838339559954099,11.841119,11.839729186257568
1266,12.413279451269872,12.623762,12.518520791003588
1267,11.798235714958718,11.761616,11.779925734066273
1268,12.501763313716987,12.475855,12.488809093687106
1269,12.217038535053371,12.212666,12.214852046457349
1270,12.00726233033975,12.018937,12.013099720620314
1271,12.07477677231029,11.962546,12.018661560441034
1272,12.303925667520307,12.384179,12.344052391407859
1273,12.481828018642835,12.482798,12.48231282066175
1274,11.973267490283245,11.945403,11.959335294671652
1275,11.845916945319859,11.8678255,11.856871226718766
1276,12.252212004001741,12.230609,12.241410472063126
1277,12.536763601708572,12.518533,12.527648177349647
1278,11.401201305107326,11.438122,11.419661550380813
1279,12.117294254339452,12.190231,12.15376278879082
1280,12.308835729827392,12.322936,12.315885893935913
1281,12.071448895719193,12.107324,12.089386271132302
1282,11.67804019373307,11.774741,11.726390683261798
1283,11.568354247385312,11.583251,11.575802623417998
1284,12.356936957982954,12.378136,12.367536319567648
1285,13.039362509661068,13.138299,13.088830749001676
1286,12.275420943464876,12.255867,12.265643973929704
1287,12.20131904162574,12.217589,12.209454209991337
1288,12.320406922405954,12.282899,12.30165291264951
1289,11.940132512291017,11.920685,11.93040866337207
1290,11.393562521052711,11.327242,11.36040220931786
1291,12.203120245473539,12.2236185,12.213369376429396
1292,12.15450577311799,12.184386,12.169446013237462
1293,11.891608862390251,11.853205,11.87240679478155
1294,12.262251295564822,12.224303,12.243277270554628
1295,11.564195570607131,11.56123,11.56271263820884
1296,12.928183313399659,13.018176,12.973179696098022
1297,12.244313769662254,12.219677,12.231995370548901
1298,11.658399156346865,11.580536,11.619467522509371
1299,12.544038079577772,12.531771,12.537904392877266
1300,12.531180974110748,12.568126,12.549653349451614
1301,11.945158835083593,11.951513,11.948336062744433
1302,11.924109315402541,11.943268,11.933688568834082
1303,11.856041894407472,11.817696,11.836868756041627
1304,11.723722236217442,11.686225,11.704973586828203
1305,12.04076875189331,12.091849,12.066309039490356
1306,11.824397443981534,11.863333,11.843865096197309
1307,12.554793804395327,12.577791,12.566292509192293
1308,11.755656459441695,11.649374,11.702515233810203
1309,12.151629234022804,12.2286625,12.190145862433766
1310,12.333553212933438,12.357819,12.345685908224532
1311,12.818697565570647,12.890776,12.854736623056318
1312,11.913229943068792,11.647873,11.78055143393674
1313,12.106823508053566,12.0815,12.094161780729664
1314,12.385462841468298,12.449803,12.417633096912127
1315,11.76168598283392,11.555957,11.658821411674529
1316,12.102642324616852,12.154641,12.128641738022537
1317,12.656384806120768,12.65633,12.656357457381674
1318,11.971413207418083,11.97035,11.970881736460505
1319,12.154379578997787,12.154869,12.154624329293815
1320,11.971153358932266,12.0466385,12.008895923850899
1321,12.410369174843337,12.482673,12.446520933094277
1322,12.119012568705138,12.121129,12.120070802327422
1323,11.885239656899799,11.715161,11.800200490223581
1324,12.314263056096824,12.308967,12.31161484637727
1325,11.810034865769884,11.834302,11.822168407158625
1326,12.449881688366833,12.418874,12.434377737646551
1327,12.327094222111015,12.331645,12.329369617006435
1328,12.487550393236795,12.496101,12.491825886315663
1329,11.8491912733463,11.903328,11.876259607620415
1330,12.070748270783938,12.1069565,12.088852376358766
1331,12.450803215304465,12.41858,12.43469163527064
1332,13.062557073375757,13.3401785,13.201367781530408
1333,12.811762388599659,12.80232,12.807040957636012
1334,12.056935174156179,12.031017,12.043976238811489
1335,12.671390662465633,12.665086,12.668238227503569
1336,12.03280196323403,12.094134,12.06346814699177
1337,13.045386294403487,13.0381155,13.041750897903647
1338,11.788472859234211,11.808333,11.798403128072916
1339,12.55109888166661,12.610762,12.580930262061333
1340,12.426450625790196,12.4032345,12.41484255380086
1341,12.293255420442891,12.291735,12.29249505793873
1342,12.728577504901828,12.83485,12.781713908090563
1343,12.027303054018152,12.039442,12.03337255819804
1344,12.541828651544257,12.529223,12.535526046810947
1345,12.058837653387444,12.022196,12.04051673471374
1346,11.84755733551247,11.8320055,11.839781418152963
1347,11.866863668991575,11.840475,11.853669375694519
1348,12.305296969971216,12.464235,12.384766137878675
1349,11.765886695860562,11.72361,11.744748310088484
1350,12.34681282948428,12.270479,12.308646015877393
1351,12.13556677370898,12.180164,12.157865555433592
1352,12.488026825259736,12.500444,12.494235618745591
1353,12.162982851386804,12.174144,12.168563321292767
1354,12.2756117844868,12.222276,12.248943759217276
1355,12.26111336032568,12.288519,12.274816132982664
1356,12.414524557626729,12.434224,12.424374343174936
1357,12.41460582575382,12.433573,12.42408929745943
1358,11.64602953453363,11.845027,11.74552825222165
1359,12.083079969590043,12.144454,12.113766985985208
1360,12.03020257178312,12.03925,12.034726472811727
1361,11.640204115976307,11.524754,11.582478843266474
1362,12.984794318852618,13.026639,13.005716651766397
1363,11.648670981210195,11.627544,11.638107692143183
1364,12.6058173820562,12.70518,12.655498775104029
1365,11.93232767399961,11.867707,11.900017463251025
1366,12.048661029939721,12.048693,12.048676866593397
1367,12.138211802809014,12.116053,12.127132215186245
1368,11.827278515274159,11.718027,11.772652815071162
1369,12.688858867489412,12.753498,12.721178472440995
1370,11.567296355559897,11.562105,11.564700767196452
1371,12.302594509594822,12.303989,12.303291959997606
1372,12.396857967653482,12.4924965,12.444677229065999
1373,12.07308934845195,12.187809,12.130449169465233
1374,12.557592222575446,12.603234,12.580413256826052
1375,11.814666460025851,11.718551,11.766608571046861
1376,11.88067920920515,11.942716,11.911697427020787
1377,12.438117889579946,12.527854,12.482985927669612
1378,11.918622264352447,11.906099,11.912360791905227
1379,12.738235296291505,12.720037,12.729136378309327
1380,12.559592096901866,12.576068,12.567830010700689
1381,12.347182024840052,12.398219,12.372700566710797
1382,12.631963141453182,12.654368,12.643165771013457
1383,12.035380767503,12.007647,12.021513664085973
1384,12.020359302127654,12.023523,12.021941316408064
1385,12.013931938821557,11.975824,11.99487814745033
1386,12.398380948680416,12.264908,12.331644392797239
1387,12.987398859049367,13.000495,12.993946908009791
1388,12.196673826400632,12.151816,12.17424509725183
1389,12.430186183779341,12.487524,12.458855108186057
1390,11.818378483950017,11.738638,11.778508204072176
1391,11.879423148550917,11.948246,11.913834575374091
1392,12.197698537807245,12.200108,12.198903056135068
1393,12.708587561945848,12.785958,12.747272926022973
1394,11.921709106196053,11.935307,11.92850782763416
1395,11.68521168790349,11.681599,11.683405175616784
1396,11.667519243787563,11.541557,11.60453827789964
1397,12.08643843741605,12.012976,12.049707065082536
1398,12.042450101660304,12.034609,12.038529471301343
1399,12.27837263083411,12.288225,12.283298902392152
1400,11.861144058166486,11.989788,11.925466056793205
1401,12.078424154051088,12.103121,12.090772478942048
1402,12.136245692439168,12.1038,12.120022756192729
1403,11.797527032748228,11.830038,11.81378255171347
1404,12.387222811214048,12.399211,12.393216870542327
1405,12.250528185909214,12.233496,12.242011949094744
1406,12.438251075916941,12.409467,12.42385890969309
1407,12.017227890098143,12.052105,12.034666420024656
1408,12.228350268121295,12.10113,12.164739899990824
1409,12.462138538192605,12.3664875,12.414313020622181
1410,12.384382377148922,12.332411,12.358396594763427
1411,11.924081798741419,11.914517,11.919299600695172
1412,12.298049923264662,12.252871,12.275460241478523
1413,12.339300366998609,12.418724,12.3790122135286
1414,12.318197442542584,12.281914,12.300055599933401
1415,11.84305798491575,11.834536,11.838796791835318
1416,11.806480911195946,11.856755,11.83161808392439
1417,11.924933381745355,11.972509,11.948721382950314
1418,12.147143939732572,12.130519,12.138831426500808
1419,12.073311810489107,12.026517,12.049914362428392
1420,12.784081073626176,12.810739,12.797409818581887
1421,12.42459241826949,12.448463,12.436527929105448
1422,12.357585445797522,12.336462,12.347023733335773
1423,11.996920206579905,11.992555,11.99473743559586
1424,12.220108506557617,12.15652,12.188314198194579
1425,12.049605742843887,12.010435,12.030020423607002
1426,11.835953548094245,11.9581175,11.897035516570316
1427,12.750448289034646,12.792671,12.771559746323963
1428,12.444525093129332,12.445739,12.445131942774383
1429,11.846182846346672,11.840379,11.843280803819088
1430,11.91456675874695,11.942766,11.928666474161073
1431,12.254555045230513,12.1779995,12.216277270845236
1432,12.071710159595595,12.057665,12.064687515405708
1433,11.790011841159272,11.814941,11.802476623704635
1434,11.547025580438838,11.552762,11.549893805997007
1435,11.49215608520244,11.25612,11.374137906645409
1436,12.296280536208082,12.296912,12.29659636475321
1437,12.841430450520171,12.845136,12.843283069650955
1438,12.362009979572797,12.394377,12.37819336716677
1439,12.170757412826273,11.950348,12.060552656608449
1440,11.941987679039844,11.936457,11.939222179668848
1441,12.271199129288428,12.247812,12.259505700203295
1442,12.234683751832462,12.240839,12.237761378174532
1443,12.205704218455335,12.2427435,12.2242238552909
1444,12.480144045935713,12.57969,12.529917012744468
1445,12.740156352906716,12.6964245,12.718290418579823
1446,12.32176388190511,12.343393,12.332578603855387
1447,12.116153218125266,12.021262,12.068707693504772
1448,11.946505051265323,11.916019,11.931262245481294
1449,13.393451399546665,13.539095,13.46627316223671
1450,12.142259328271244,12.242491,12.19237504835193
1451,12.102969817037096,12.110745,12.106857623514886
1452,12.473278475740909,12.418678,12.445978379716157
1453,11.998980408330052,11.99111,11.995045128176256
1454,11.663688577827566,11.368184,11.515936333744104
1455,11.918558487405093,11.793282,11.855920021290437
1456,12.218679367766532,12.230899,12.224789112441616
1457,11.848575634600962,11.862544,11.85555984717719
1458,12.303203340284785,12.359087,12.331145165320615
1459,12.342648659408939,12.275958,12.3093033603136
1460,12.096053660109362,12.143518,12.11978605399267
1461,12.083079777271482,12.126788,12.104933958307372
1462,11.936913903305221,11.889781,11.913347450767601
1463,12.08153786022958,12.07274,12.077138730682417
1464,12.261583358855656,12.232308,12.246945873306002
1465,12.370391825233423,12.324065,12.34722851683424
